metric,mean_M,std_M,mean_F,std_F,U_stat,p_value,effect_size_rbc,significant
top_speed_maintenance_m,32.2136,5.8985,37.5135,4.6181,50.0,0.0101,0.556,True
strides_to_top_speed,10.8667,1.5434,14.3333,5.5217,74.5,0.1145,0.338,False
stride1_dist_over_gct,25.0903,11.0031,19.4362,5.2788,140.0,0.1321,-0.333,False
accel_distance_to_95pct_m,22.631,3.9782,21.2937,6.5857,147.0,0.1585,-0.307,False
stride2_dist_over_gct,39.8822,15.1386,32.5319,10.0595,144.0,0.1985,-0.28,False
stride_freq_top_speed_hz,1.8204,0.2328,1.7441,0.2145,123.5,0.2394,-0.267,False
avg_gct_top_speed_s,0.701,0.0864,0.5437,0.2439,141.0,0.2435,-0.253,False
avg_vert_oscillation_top_speed_m,0.0598,0.0159,0.0559,0.0134,134.5,0.3724,-0.196,False
avg_stride_length_top_speed_m,3.7336,0.686,3.7313,0.3237,116.0,0.407,-0.19,False
